name01#0,"""Koffie"""
text01#0,"""<%me>.<br>Great work.<br>It's I, Administrator Koffie."""
text02#0,"""In consideration of your activity record, authorization to change to a new class has been granted."""
text03#0,"""The class is called \""Hero.\"" It's an Advanced Class. It assumes you are a combat veteran."""
text04#0,"""Its physical strain is immense. It's only granted to ARKS who have reached a certain level."""
text05#0,"""Because it's you we're talking about, I think this is better suited to you. I wish you good luck."""
