11_voice_NPC_5050_104#0,"""The are the gist of the strict regulations from within ARKS..."""
text02#0,"""[Once the specified conditions are met, free exploration of the seabed area of Wopal will be allowed.]"""
text03#0,"""By getting good grades in training, you can increase the degree of your freedom as ARKS."""
text04#0,"""You'll eventually be able to freely visit various places, to which I hope you'll be able to perform this well."""
text05#0,"""And of course, I'm sure you'll understand its meaning and value. Now it's up to you to accept them or not."""
