name01#0,"""Koffie"""
11_voice_NPC_5050_100#0,"""Are you ready?<br>Alright, authorization for trial application - <br>Commence!"""
text02#0,"""Please show all of the powers and skills you have.<br>I'm expecting the best from you."""
text100#0,"""『射撃耐性』について"""
text101#0,"""『射撃耐性』について説明します。<br><br>地下坑道には遠距離から攻撃するエネミーが多数出現します。<br><br>この攻撃に耐えるには、いくつかの対策が行えます。<br>・ショットレジスト、リアクトの特殊能力が付いている<br>\u3000防具を装備する。<br>・防具自体を強化して、防御力を上昇させる。<br>・マグを成長させて、防御力を上昇させる。"""
text102#0,"""To upgrade your Armor, you use the Item Lab in the Shop Area. If you're having a difficult time in battle, try upgrading your Armor."""
