11_voice_NPC_5063_100#0,"""先生、先生ーッ！<br>ちょうどいいところに<br>いらっしゃってくれました！"""
favs_before_020#0,"""先生！\u3000何も言わずにまずは<br>これをお受け取り下さい！"""
favs_after_010#0,"""いつもいつもお世話になっている<br>先生に、ささやかながらの<br>お礼の品、というやつです！"""
favs_after_020#0,"""先生には、どれだけ礼を言っても<br>足りないほどですから、せめて<br>何らかの形でお礼をと思いまして！"""
favs_after_030#0,"""それでは、先生！<br>今後ともよろしくお願いします！"""
favs_present_010#0,"""Received \""Synthesizer\"" from Lubert."""
favs_present_020#0,"""Received \""Homing Emission\"" from Lubert."""
favs_present_030#0,"""Received \""Impact Slider\"" from Lubert."""
favs_present_040#0,"""Received \""Synthesizer\"" from Lubert."""
favs_present_050#0,"""Received \""One Point\"" from Lubert."""
favs_present_060#0,"""Received \""Diffuse Shell\"" from Lubert."""
favs_present_070#0,"""Received \""Synthesizer\"" from Lubert."""
favs_present_080#0,"""Received \""Sneak Shooter\"" from Lubert."""
favs_present_090#0,"""Received \""Glorious Rain\"" from Lubert."""
favs_present_100#0,"""Received \""Parallel Slider\"" from Lubert."""
favs_present_add_001#0,"""Received \""<%skit_text>\"" from Lubert."""
11_voice_NPC_5063_100#1,"""押忍！<br>立派なアークスになるため<br>精進あるのみです！"""
11_voice_NPC_5063_100#2,"""押忍！<br>立派なアークスになるため<br>精進あるのみです！"""
11_voice_NPC_5063_100#3,"""押忍！<br>立派なアークスになるため<br>精進あるのみです！"""
11_voice_NPC_5063_100#4,"""押忍！<br>立派なアークスになるため<br>精進あるのみです！"""
11_voice_NPC_5063_100#5,"""押忍！<br>立派なアークスになるため<br>精進あるのみです！"""
11_voice_NPC_5063_100#6,"""押忍！<br>立派なアークスになるため<br>精進あるのみです！"""
11_voice_NPC_5063_100#7,"""押忍！<br>立派なアークスになるため<br>精進あるのみです！"""
11_voice_NPC_5063_100#8,"""ここは先輩たちがいっぱいで<br>刺激的ですね！"""
Npc63_08_020#0,"""自分、ますます<br>アークスになりたくなりました！<br>うおおお、やるぞーっ！"""
11_voice_NPC_5063_100#9,"""ここは先輩たちがいっぱいで<br>刺激的ですね！"""
Npc63_mb9_020#0,"""自分、ますます<br>アークスになりたくなりました！<br>うおおお、やるぞーっ！"""
11_voice_NPC_5063_100#10,"""ここは先輩たちがいっぱいで<br>刺激的ですね！"""
Npc63_mb10_020#0,"""自分、ますます<br>アークスになりたくなりました！<br>うおおお、やるぞーっ！"""
11_voice_NPC_5063_100#11,"""ここは先輩たちがいっぱいで<br>刺激的ですね！"""
Npc63_mb11_020#0,"""自分、ますます<br>アークスになりたくなりました！<br>うおおお、やるぞーっ！"""
11_voice_NPC_5063_100#12,"""ここは先輩たちがいっぱいで<br>刺激的ですね！"""
Npc63_mb12_020#0,"""自分、ますます<br>アークスになりたくなりました！<br>うおおお、やるぞーっ！"""
11_voice_NPC_5063_100#13,"""ここは先輩たちがいっぱいで<br>刺激的ですね！"""
Npc63_mb13_020#0,"""自分、ますます<br>アークスになりたくなりました！<br>うおおお、やるぞーっ！"""
11_voice_NPC_5063_100#14,"""ここは先輩たちがいっぱいで<br>刺激的ですね！"""
Npc63_mb16_020#0,"""自分、もっともっと<br>上を目指して頑張らないと！<br>うおおお、やるぞーっ！"""
11_voice_NPC_5063_100#15,"""ここは先輩たちがいっぱいで<br>刺激的ですね！"""
Npc63_mb14_020#0,"""自分、ますます<br>アークスになりたくなりました！<br>うおおお、やるぞーっ！"""
11_voice_NPC_5063_106#0,"""押忍！\u3000先生！<br>信じがたい事が連続していて<br>自分、完全に混乱しています！"""
Npc63_mb16zeno_020#0,"""ですが、自分は先生が正しいと<br>ずっと信じ続けてついていきます！<br>押忍！"""
11_voice_NPC_5063_100#16,"""押忍！\u3000先生！<br>自分、ようやく混乱から<br>立ち直りました！"""
Npc63_mb18_020#0,"""色々と変わっていってますが<br>絶対にアークスになろうと<br>自分、決意しています！"""
Npc63_mb21_010#0,"""押忍！\u3000先生！<br>最近、先生の活躍を<br>聞かない日はありません！"""
Npc63_mb21_020#0,"""自分、それを聞く度に<br>ますます先生への尊敬の念が<br>強くなっていきます！\u3000押忍！"""
Npc63_mb21_030#0,"""どんな事が起きても<br>自分、先生に一生ついていきます！<br>押忍！"""
11_voice_NPC_5063_101#0,"""押忍！\u3000先生！<br>ここ最近、ますます先生が<br>活躍していることを聞いてます！"""
Npc63_mb23_020#0,"""自分、先生のようにかけがえの無い<br>アークスになるべく、努力を<br>一層重ねる日々です！"""
Npc63_mb23_030#0,"""自分、絶対にアークスになります！<br>押忍！"""
Npc63_mb23_after_010#0,"""押忍！\u3000先生！<br>ご無事でなによりでした！"""
Npc63_mb23_after_020#0,"""自分、色んなことが起きて<br>混乱しておりますが、先生に一生<br>付いていく気持ちは消えません！"""
Npc63_mb23_after_030#0,"""これから先も、ついていきます！<br>押忍！"""
Npc63_mb24_after_010#0,"""押忍！\u3000先生！<br>自分、感動に打ち震えております！"""
Npc63_mb24_after_020#0,"""一丸となったアークスや先生を見て<br>自分、ますますアークスになりたいと<br>思うようになりました！"""
11_voice_NPC_5063_100#17,"""自分、必ずや先生のように<br>立派なアークスとなってみせます！"""
ep01_03_010#0,"""押忍！<br>新人アークスのルベルトです！"""
ep01_03_020#0,"""いつ如何なる時も<br>新人としての気持ちを忘れず<br>努力していく所存です！"""
ep01_03_030#0,"""様々なご迷惑をおかけするかもですが<br>よろしくお願いします！\u3000押忍！"""
st01_010#0,"""せ、先生ッ！！<br>復帰されたのですね！<br>いつからです？\u3000今からです！？"""
st01_020#0,"""うう……自分、感無量です！<br>こうして先生と肩を並べることが<br>再びできるなんて……"""
11_voice_NPC_5063_100#18,"""先生！\u3000自分も一人前のアークスに<br>なれました！\u3000先生のような立派な<br>アークス目指して、頑張ります！"""
11_voice_NPC_5063_100#19,"""押忍！\u3000先生！<br>新人として学ぶことはたくさんですが<br>特に東京エリアは、刺激的です！"""
st01_020#1,"""多種多様なエネミーや<br>変わった町並みなど<br>学ぶことが多くあります！"""
st01_030#0,"""自分、立派なアークスになるべく<br>日々精進あるのみです。<br>押忍！"""
11_voice_NPC_5063_100#20,"""押忍！\u3000先生！<br>アークスシップ直接襲撃の鎮圧<br>本当にお疲れさまでした！"""
st01_020#2,"""リミッターがかかっていたとはいえ<br>自分、全く役に立てず……<br>不甲斐なくて、情けないです！"""
st01_030#1,"""もっと精進して、たとえリミッターが<br>あったとしても力になれるよう<br>精進あるのみです！\u3000押忍！"""
st01_010#1,"""押忍！\u3000先生！<br>幻創種ダーカーの話、聞きました！<br>大変な相手だと思います！"""
11_voice_NPC_5063_100#21,"""しかし先生は、さっそくその相手を<br>倒してきたとも聞いています！<br>流石先生です！"""
st01_030#2,"""自分も先生のような立派なアークスに<br>なるために、日々精進あるのみです！<br>押忍！"""
11_voice_NPC_5063_100#22,"""押忍！\u3000先生！<br>今度の作戦、頑張りましょう！<br>自分も尽力します！"""
11_voice_NPC_5063_101#1,"""押忍！\u3000先生！<br>ご無事の帰還、何よりです！"""
sq01_020#0,"""これからのことはわかりませんが<br>自分はただただ精進するのみです！<br>押忍！"""
