text01#0,"""Oh! You'll help me with my work, then?"""
text02#0,"""It's nothing too big, I just need your help with a survey."""
11_voice_NPC_5125_105#0,"""Of course, I can't just ask anyone; it's a survey intended for ARKS."""
text04#0,"""I'm not particularly acquainted with anyone in ARKS though, so that's where I'll need your help."""
text05#0,"""Getting to the point, I need to survey someone from each of the four main classes in ARKS."""
text06#0,"""It's a survey regarding Hunter, Ranger, Force, and Braver, respectively."""
text07#0,"""I need you to ask them what in particular drew them to their class of choice."""
text08#0,"""Surely you have an idea of who you might ask for a question like that? Thanks so much!"""
