11_voice_NPC_5021_101#0,"""おお、君か！<br>いいところに来てくれたな！"""
Jan_favs_before_020#0,"""ちょうど君に渡したいものが<br>あったのだよ。ほら、これだ。"""
Jan_favs_before_030#0,"""よければ受け取ってほしい。"""
Jan_favs_after_010#0,"""礼などは不要だぞ。<br>常日頃の感謝の気持ちだ。"""
Jan_favs_after_020#0,"""これからもよろしく。"""
Jan_favs_present_010#0,"""Received \""Synthesizer\"" from Jean."""
Jan_favs_present_020#0,"""Received \""Diffuse Shell\"" from Jean."""
Jan_favs_present_030#0,"""Received \""Synthesizer\"" from Jean."""
Jan_favs_present_040#0,"""Received \""Synthesizer\"" from Jean."""
Jan_favs_present_050#0,"""Received \""Synthesizer\"" from Jean."""
Jan_favs_present_060#0,"""Received \""Synthesizer\"" from Jean."""
Jan_favs_present_070#0,"""Received \""Grenade Shell\"" from Jean."""
Jan_favs_present_080#0,"""Received \""Synthesizer\"" from Jean."""
Jan_favs_present_090#0,"""Received \""Synthesizer\"" from Jean."""
Jan_favs_present_100#0,"""Received \""Synthesizer\"" from Jean."""
Jan_favs_present_add_001#0,"""Received \""<%skit_text>\"" from Jean."""
11_voice_NPC_5021_100#0,"""私に何か用かね？<br>……何、赤い服のサンタクロース？<br>うむ、知っておるぞ。"""
Paty_01_20#0,"""あれは何年前の事だったか……<br>私がまだ若かった頃<br>キャンプシップの動力が故障してな。"""
Paty_01_30#0,"""漂流した先の小惑星帯で出会ったのが<br>たしかそんな名前の戦士であった。"""
Paty_01_40#0,"""赤いA.I.Sのような<br>人型兵器に乗っていてな。<br>勇猛果敢、戦士の鑑のような男だ。"""
Paty_01_50#0,"""彼と協力して九死に一生を得て<br>小惑星帯を脱出はしたが、その後<br>さらに絶体絶命の状況に追われ……"""
11_voice_NPC_5021_100#1,"""たゆまぬ努力は己を強くする。<br>それは絶対に変わることのない摂理だ。<br>忘れるんじゃないぞ。"""
11_voice_NPC_5021_100#2,"""アークスたるもの油断は禁物だ。<br>いついかなるときにダーカーが<br>襲ってくるかわからないからな。"""
11_voice_NPC_5021_102#0,"""武器や防具はアークスの生命線。<br>可能な限り、強力なものを<br>用意していくんだぞ。"""
11_voice_NPC_5021_101#1,"""マグは成長させているか？<br>成長と共に、戦闘中の補助などを<br>行ってくれる、有意義な存在だ。"""
11_voice_NPC_5021_101#2,"""メディカルセンターを活用すれば<br>戦闘前から有利な状態で<br>交戦することが可能だ。忘れるな。"""
11_voice_NPC_21_100#0,"""ダークファルスが復活したとしても<br>私たちのやることは変わらないぞ。"""
Jan_mb9_020#0,"""浮き足立たずに、目標を見据えよ。<br>私たちアークスの役目は<br>ダーカーの驚異に立ち向かうことだ。"""
11_voice_NPC_21_100#1,"""ダークファルスが復活したとしても<br>私たちのやることは変わらないぞ。"""
Jan_mb10_020#0,"""浮き足立たずに、目標を見据えよ。<br>私たちアークスの役目は<br>ダーカーの驚異に立ち向かうことだ。"""
11_voice_NPC_21_100#2,"""ダークファルスが復活したとしても<br>私たちのやることは変わらないぞ。"""
Jan_mb11_020#0,"""浮き足立たずに、目標を見据えよ。<br>私たちアークスの役目は<br>ダーカーの驚異に立ち向かうことだ。"""
11_voice_NPC_5021_100#3,"""不安になることがあった場合は<br>なによりもまず、基本に立ち返るべし。"""
Jan_mb12_020#0,"""己の真なる目的を今一度確かめる。<br>それだけで地に足がつくものだぞ。"""
11_voice_NPC_5021_100#4,"""不安になることがあった場合は<br>なによりもまず、基本に立ち返るべし。"""
Jan_mb13_020#0,"""己の真なる目的を今一度確かめる。<br>それだけで地に足がつくものだぞ。"""
11_voice_NPC_5021_100#5,"""不安になることがあった場合は<br>なによりもまず、基本に立ち返るべし。"""
Jan_mb14_020#0,"""己の真なる目的を今一度確かめる。<br>それだけで地に足がつくものだぞ。"""
Jan_mb16_010#0,"""どうした、何か不安でもあるのか？<br>だがな、それはきっと<br>ただの取り越し苦労だと思うぞ。"""
11_voice_NPC_5021_100#6,"""不安は、自分の内から生まれるものだ。<br>大丈夫と信じていれば自ずとそうなる。<br>私も若い頃には……"""
11_voice_NPC_5021_100#7,"""もっと、胸を張るといい。<br>君が、皆を救ったといっても<br>過言ではないのだからな。"""
11_voice_NPC_5021_100#8,"""変化は恐れることではない。<br>辿るべき道を辿ったからこそ<br>変わったわけだ。"""
Jan_mb18_020#0,"""道は必ず開ける。<br>己を信じ、誤らなければ<br>目的は達成できる、そういうものだ。"""
Jan_mb22_010#0,"""目的のために立てた目標に<br>振り回されてはならんぞ。"""
11_voice_NPC_5021_100#9,"""立てた目標を達成することばかりに<br>気を取られて、目的が達成できなければ<br>無意味だからな。"""
11_voice_NPC_5021_100#10,"""無事に戻ってきたようで<br>安心したぞ。"""
Jan_mb23_020#0,"""強い意志は何にも勝る。<br>いいか、私も若い頃はよく無茶をした。<br>それでだな……"""
11_voice_NPC_5021_104#0,"""思うことは多くあると思う。<br>そういう時は、まず落ち着くことだ。"""
Jan_mb23_after_020#0,"""焦りや不安は、視野を狭くさせる。<br>視野の狭さは、大局を見失わせる。<br>大局を見失えば、目的が喪失する。"""
Jan_mb23_after_030#0,"""だからまずは、落ち着くことだ。<br>そしてしっかりと休むことだ。<br>肝心なときに動けなくなるからな。"""
11_voice_NPC_5021_100#11,"""成し遂げんとする強い意志は<br>何よりも勝るということだな。<br>それを君は自身で証明した。"""
Jan_mb24_after_020#0,"""アークスにとってもその実例は<br>きっと喜ばしいものだろう。<br>私も同じように、若い頃は……"""
Jan_mb25_010#0,"""君はまた新たな出来事と<br>向き合っているのだろう。<br>それが君の役割なのだろうな。"""
11_voice_NPC_5021_104#1,"""自分の役目というものを<br>正しく理解することは大切だ。<br>いいか、私も若い頃は……"""
st01_010#0,"""おお、君か！<br>しっかりと休養はとれたようだな！"""
st01_020#0,"""休むことは肝要なことだぞ！<br>私の若い頃も、そう休む暇などなく<br>日々ダーカーとの戦闘に明け暮れ……"""
11_voice_NPC_5021_100#12,"""サモナーなるクラスが増えたが……<br>今までのクラスとは違う<br>独特の戦い方が求められる。"""
st01_020#1,"""つまりまだまだ学ぶ機会がある<br>そういうことでもある。"""
st01_030#0,"""私も若い頃は、日々勉学に励み<br>戦闘に明け暮れ……"""
11_voice_NPC_5021_100#13,"""地球は今までにない文明のある星だ。<br>色々予想外のことが多くあるだろうが<br>恐れずに進むしかない。"""
st01_020#2,"""足を止めてしまえば、それまでだ。<br>私もかつては戦場で……"""
sq00_010#0,"""私は今回の作戦には不参加だ。<br>ともすれば邪魔にすらなってしまう。<br>そう判断してな。"""
11_voice_NPC_5021_104#2,"""昔、私が若かったころに、自らの衰えを<br>認めようとせず、ただがむしゃらに<br>突っ走る者が居てな、そいつは……"""
11_voice_NPC_5021_100#14,"""うむ、無事に帰還したようで何より。<br>私の若い頃は、出撃して帰らない者が<br>ざらにいて、その捜索には……"""
sq02_010#0,"""昨今、情勢が落ち着きを見せている<br>というが、それで油断するのは早い。<br>私が若い頃にも……"""
