11_voice_NPC_5021_105#0,"""昨今のアークスは己をアピールする事を<br>軽視しすぎている！<br>奥ゆかしいにも程があるぞ！"""
text02#0,"""相手を知る為には、まずは己から。<br>語らずとも、このアークスカードだけで<br>互いの事が分かりあえるのだ！"""
text03#0,"""ええい、話している内にも<br>不安が鎌首をもたげてきた！<br>君、今すぐ編集するのだ！"""
text04#0,"""何を、って、決まっているだろう。<br>アークスカードの編集だ！"""
text05#0,"""さあ、さあ、編集したまえ！<br>そんなに難しい話ではないだろう。<br>私の不安を払拭してくれ！"""
text100#0,"""The ARKS Card"""
text101#0,"""About the ARKS Card<br><br>The \""ARKS Card\"" is a card that you can use to introduce yourself with things like your character names, hobbies and so on.<br><br>You can make a card that's unique to you by by filling out the free comments and setting a favorite Symbol Art."""
text102#0,"""You can edit your card by selecting \""Edit ARKS Card\"" from \""Title / ARKS Card\"" on the main menu.<br><br>Select the section you want to edit, and enter your content."""
text103#0,"""Other people's ARKS Cards can be viewed from the Friend List by selecting \""View ARKS Card\"".<br><br>As a point of note, since the ARKS card can be viewed by your friends or by others, <yellow>do not enter personal information such as phone numbers or addresses.<c>"""
