11_voice_NPC_5021_102#0,"""昨今のアークスは、グッジョブを<br>活用しない者が多すぎる！<br>もったいないことだ！"""
text02#0,"""グッジョブを送るというのは<br>相手と自分、双方にとって<br>メリットのある行為だというのに……"""
text03#0,"""ええい、話している内にも<br>不安が鎌首をもたげてきた！<br>君、今すぐ送ってくるといい！"""
text04#0,"""何を、って、決まっているだろう。<br>グッジョブだ！\u3000グッジョブの送信だ！"""
text05#0,"""さあ、さあ、送ってきてくれ！<br>そんなに難しい話ではないだろう。<br>私の不安を払拭してくれ！"""
text00#0,"""Good Jobs"""
text01#0,"""A Good Job is a way to send another player a small message of support. When you send a Good Job, you and the recipient can both earn FUN.<br><br>You can send a Good Job by selecting a character, or by choosing \""Send a Good Job\"" from any of the menus below.<br>・Friend list<br>・Team member list<br>・Party member list<br>・Nearby Characters<br>・Communication History<br>・ARKS Search"""
text02#1,"""You can send a Good Job without a comment, but if you do add a comment, you can earn more FUN.<br><br>Sending a Good Job can only earn FUN once per day for each recipient."""
