Kuro_favs_before_010#0,"""おっ！<br><%me><br>いいところにきたのみャ！"""
11_voice_NPC_5069_100#0,"""ほら、こいつをあげるのみャ。"""
11_voice_NPC_5069_101#0,"""オレっちってば太っ腹！<br>大切に使ってくれよみャ！"""
Kuro_favs_after_020#0,"""そんじゃ、またみャ～。"""
Kuro_favs_present_010#0,"""Received \""Synthesizer\"" from Kuro."""
Kuro_favs_present_020#0,"""Received \""Divine Launcher\"" from Kuro."""
Kuro_favs_present_030#0,"""Received \""Zero Distance\"" from Kuro."""
Kuro_favs_present_040#0,"""Received \""Synthesizer\"" from Kuro."""
Kuro_favs_present_050#0,"""Received \""Rodeo Drive\"" from Kuro."""
Kuro_favs_present_060#0,"""Received \""Zero Distance\"" from Kuro."""
Kuro_favs_present_070#0,"""Received \""Synthesizer\"" from Kuro."""
Kuro_favs_present_080#0,"""Received \""Crazy Smash\"" from Kuro."""
Kuro_favs_present_090#0,"""Received \""Fake Silhouette\"" from Kuro."""
Kuro_favs_present_100#0,"""Received \""Evo. Device / Kuro\"" from Kuro."""
Kuro_favs_present_add_001#0,"""Received \""<%skit_text>\"" from Kuro."""
Kuro_01_010#0,"""おっす！\u3000オレっちクロですみャ。"""
11_voice_NPC_5069_100#1,"""トロといっしょに<br>この世界にやってきた<br>クールなネコなのみャ。"""
Kuro_01_030#0,"""実はオレっち<br>手伝ってほしいことが<br>あるんだみャ！"""
Kuro_01_040#0,"""よかったら<br>話を聞いてほしいみャ。"""
Kuro_02_010#0,"""ここは<br>カワイコちゃんがいっぱいで<br>ウハウハなのみャ！"""
11_voice_NPC_5069_101#1,"""オレっち、いつか必ず<br>モテモテになってみせるみャ～！"""
