text01#0,"""All ARKS, no matter who they are, had to start with the basics. Believe me!"""
text02#0,"""Before we start training, let me tell you about a useful skill for Hunters."""
11_voice_NPC_5054_100#0,"""Good fighting to you."""
text100#0,"""About \""Step Attack\"""""
text101#0,"""This explains the \""Step Attack\"" skill."""
text102#0,"""Step Attack is one of the special abilities that you can obtain from Skills.<br><br>Skills can be learned at the Class Counter."""
text103#0,"""By using a normal attack during evasion, you can start attacking as soon as the evasion ends."""
