11_voice_NPC_5026_100#0,"""Hello, hello! Things are busy as ever yes they are."""
Kuro_01_020#0,"""Hmm hmm... Lisa's opinion of that cat creature?"""
Kuro_01_030#0,"""Actually, Lisa isn't quite sure, you know?"""
Kuro_01_040#0,"""But if he joined Lisa to go bully some enemies, she might be able to think of something, you know?"""
Kuro_01_050#0,"""It'd be nice if you could relay that to the cat creature, you know? Anyways, byebyebyebyebye!"""
skit01_010#0,"""Ranger and Gunner are nice, you know? They let you shoot and shoot and shoot so you can kill LOTS of those pesky enemies, you know?"""
skit01_020#0,"""Rifles, Launchers, Twin<br>Machineguns... Each and every one is precious, you know? Hehe. Hehehe. Hehehehehe."""
11_voice_NPC_5026_101#0,"""Oh, hello! You've returned!"""
Risa_favs_before_020#0,"""Lisa is happy, so she'll give you this, you know?"""
Risa_favs_before_030#0,"""You will take it, won't you?"""
Risa_favs_after_010#0,"""Lisa doesn't need any thanks. She wouldn't know what to do with it."""
Risa_favs_after_020#0,"""Please use that well! ... And survive long enough for us to see each other again."""
Risa_favs_after_030#0,"""Hehe. Hehehehehe."""
Risa_favs_present_010#0,"""Received \""Synthesizer\"" from Lisa."""
Risa_favs_present_020#0,"""Received \""Synthesizer\"" from Lisa."""
Risa_favs_present_030#0,"""Received \""Synthesizer\"" from Lisa."""
Risa_favs_present_040#0,"""Received \""Sneak Shooter\"" from Lisa."""
Risa_favs_present_050#0,"""Received \""Synthesizer\"" from Lisa."""
Risa_favs_present_060#0,"""Received \""Synthesizer\"" from Lisa."""
Risa_favs_present_070#0,"""Received \""Synthesizer\"" from Lisa."""
Risa_favs_present_080#0,"""Received \""Piercing Shell\"" from Lisa."""
Risa_favs_present_090#0,"""Received \""Synthesizer\"" from Lisa."""
Risa_favs_present_100#0,"""Received \""Synthesizer\"" from Lisa."""
Risa_favs_present_add_001#0,"""Received \""<%skit_text>\"" from Lisa."""
11_voice_NPC_5026_100#1,"""Hello. Lisa's having a little rest, you know? As you can see. Hehe."""
Risa_01_020#0,"""Sniping is hard work, it is! That's why resting is important. Hehe. Hehehehe."""
11_voice_NPC_5026_100#2,"""All sorts of enemies have weak points, yes? If you drive all your attacks into an enemy's weak point, they stop breathing really quickly."""
11_voice_NPC_5026_106#0,"""Anyone who'd talk to Lisa would have to be absolutely out of their mind. So... That means you're quite weird."""
11_voice_NPC_5026_100#3,"""Not too long ago, Lisa was very different. She was actually quite a shy girl, you know."""
Risa_04_020#0,"""What happened, you may ask? ... Well, every young lady has her secrets. Hehe. Hehehe."""
11_voice_NPC_5026_104#0,"""Lisa doesn't want to die or anything, but she has often thought about what it would be like, you know?"""
Risa_05_020#0,"""You only get to live one life at a time, you know? Lisa looks forward to her next one!"""
11_voice_NPC_5026_105#0,"""Does Lisa look like she lives all that recklessly? Lisa just does what she thinks is fun."""
11_voice_NPC_5026_101#1,"""Hehe. Lisa has lots of fun talking to you! Lisa hasn't felt this way in a while."""
11_voice_NPC_5026_104#1,"""Do you ever think about what you'll do when this is all over? When Lisa thinks about it, it's depressing."""
Risa_08_020#0,"""Lisa doesn't really think about anything except killing enemies, you know? When this is all over, there'll be no enemies to kill!"""
11_voice_NPC_5026_105#1,"""There's still hardly any information about Darkers but for some reason when ARKS captures them, they don't examine them."""
Risa_09_020#0,"""Maybe they're afraid to? Or maybe... they don't need to? Either way, it's quite the mystery."""
11_voice_NPC_5026_100#4,"""There are times when Lisa loses her way, you know. But, it's times like those when she does what she wants to do most."""
Risa_10_020#0,"""Lisa doesn't have to worry about anything at all, you know? She can just go and kill."""
Alice_01_10#0,"""When did Lisa take a liking to Ranger, you ask? That's a strange question, you know?"""
Alice_01_20#0,"""It's not a very interesting story, but since it's you who's asking, Lisa will tell you all about it!"""
Alice_01_30#0,"""It was when Lisa was a little girl. Pure, innocent Lisa was playing with her toy guns as she usually did, you know?"""
Alice_01_40#0,"""But then! Something came out of one of the guns for some reason, even though it was just a toy! That's when Lisa... stopped playing pretend."""
Alice_01_50#0,"""You see, Rangers have an innate ability to fire their photon energy out like bullets, you know? And so, that's how Lisa went on a shooting spree with just a toy gun."""
Alice_01_60#0,"""What happened to the people Lisa shot? Hehe. Why would Lisa know something like that?"""
Alice_01_70#0,"""Lisa just remembers that it gave her a REALLY nice feeling, you know?"""
11_voice_NPC_24_103#0,"""Awww, Lisa is bummed out! She wanted to play with that Dark Falz some more..."""
Risa_mb9_020#0,"""Well, he sort of looked like he was having fun too, so he'll probably show up again."""
11_voice_NPC_24_103#1,"""There it is. Mister rampaging dragon! Actually, it's pretty moderate as far as rampages go, you know?"""
Risa_mb10_020#0,"""If you ask Lisa, that's not even a mild temper tantrum. You should try applying yourself more, you know?"""
11_voice_NPC_24_101#0,"""A fight club... That's got a nice ring to it. A competition of battle prowess, you know?"""
Risa_mb11_020#0,"""Meaning everyone shows off their best kill strategies. Hehehe. Lisa can't wait, you know?"""
11_voice_NPC_5026_100#5,"""Planet Wopal, was it? It's a curious place, you know?"""
Risa_mb12_020#0,"""For some reason Lisa feels a bit guilty about destroying everything. Doesn't stop her, though."""
11_voice_NPC_5026_104#2,"""Those dragon altars are a bit tricky for Lisa, you know?"""
Risa_mb13_020#0,"""When Lisa shoots everything with reckless abandon, they only really get angry when their valuables are destroyed."""
Risa_mb13_030#0,"""But they don't get nearly as frothing with rage if everything else is destroyed, so it's kind of boring, you know?"""
11_voice_NPC_5026_101#2,"""Something about planet Lillipa is different recently, you know?"""
Risa_mb14_020#0,"""Both ARKS and Darkers have become a lot more active there. Hehehe. Lisa's getting kind of excited about it."""
Risa_mb14_030#0,"""Who knows what will happen? Whatever it is, Lisa looks forward to it."""
11_voice_NPC_5026_102#0,"""The Seabed of Planet Wopal, was it? ... Lisa doesn't like that place, you know?"""
Risa_mb15_020#0,"""Lisa can't explain why, but she has a very bad feeling about that place. It's quite upsetting, you know?"""
Risa_mb15_030#0,"""Lisa actually tries to be careful when she's there! Are you impressed? You should be proud of her!"""
Risa_mb16_010#0,"""Something big is about to happen. Lisa can feel it in her circuits!"""
11_voice_NPC_5026_101#3,"""Lisa's not sure what it is, but she definitely knows when a storm is brewing. Hehehehe."""
Risa_mb16_030#0,"""Lisa likes it when she can cut loose. When she can shoot and shoot and shoot and shoot all sorts of things."""
11_voice_NPC_5026_106#1,"""Oh? Oh? Oh my, my! It's good to see you're alright, you know? What a comeback you made!"""
Risa_mb16zeno_020#0,"""Fighting with you was really, really inspiring, you know? Lisa would like to do that again sometime."""
Risa_mb16zeno_030#0,"""Lisa and friends have been pretty busy around here, you know?"""
Risa_mb18_010#0,"""Planet Harkotan, was it? Hmm... Oh, that one. Lisa really likes it there, you know?"""
11_voice_NPC_5026_100#6,"""Mainly because of all the big enemies. Lisa likes going in guns blazing."""
11_voice_NPC_5026_104#3,"""The culture and civilization? What's that? Can Lisa shoot it?!"""
Risa_mb19_010#0,"""The Floating Facility of Wopal? Lisa doesn't go there. It's kind of boring."""
Risa_mb19_020#0,"""The archaeologists would give Lisa a hard time if she just went around shooting the place up, you know?"""
11_voice_NPC_5026_100#7,"""Lisa would much rather go to a place where she could light the area up without worrying about it, you know? Hehe. Hehehehe."""
Risa_mb20_010#0,"""Everyone's so fixated on Harkotan and [Double], you know? Lisa... not so much."""
Risa_mb20_020#0,"""There's got to be a WAY stranger enemy or a WAY creepier place, you know?"""
11_voice_NPC_5026_100#8,"""That right there is what's really been on Lisa's mind. So, what about you?"""
Risa_mb21_010#0,"""Lisa thinks the Corrupted Areas are way more interesting than Dark Falz."""
Risa_mb21_020#0,"""They are areas with REALLY strong enemies; perfect places to unload your entire arsenal and then some, you know?"""
11_voice_NPC_5026_100#9,"""Hehe. Sounds fun, right? Lisa's just happy she has a place where she can shoot and shoot and shoot and shoot, you know?"""
11_voice_NPC_5026_100#10,"""[Double]... [Apprentice]... The problems just keep piling up, you know?"""
Risa_mb22_020#0,"""Well, it's a Darker, so Lisa will just enjoy shooting it LOTS and LOTS of times, you know?"""
11_voice_NPC_5026_101#4,"""Lisa is happiest when she is raining absolute hell down her enemies, you know?"""
Risa_mb23_010#0,"""Oh, hello hello! That was pretty intense, you know? It's good you weren't hurt too bad."""
11_voice_NPC_5026_100#11,"""Well actually, if you ask Lisa, being eaten by Dark Falz is kind of an honour, you know?"""
Risa_mb23_030#0,"""Because it means you must have killed lots and lots of enemies. Lisa's actually kind of jealous, you know?"""
11_voice_NPC_5026_107#0,"""Oh my my my my! Lisa heard what happened! It's a good thing you're okay, you know?"""
Risa_mb23_after_020#0,"""Well now, things have gotten pretty hectic, but I wonder what will happen, you know?"""
11_voice_NPC_5026_100#12,"""Oh, Lisa was trying to sleep. Say... If Lisa can't sleep, can she put something else to sleep? You know. Permanently."""
Risa_mb24_010#0,"""Well well well well now! This is gonna be a big fight. Hehehe. It's exciting, you know?"""
Risa_mb24_020#0,"""So many enemies... Lisa's going full tilt for this, you know?"""
11_voice_NPC_5026_100#13,"""Hehehe. Hehe. Lisa can hardly wait anymore. She really wants to shoot some enemies, you know?"""
Risa_mb24_after_010#0,"""Oh, oh my my my! Hello hello! Good to see you aren't dead."""
Risa_mb24_after_020#0,"""Lisa couldn't have expected anything else. Lisa's really quite happy. She had lots of fun, you know?"""
11_voice_NPC_5026_100#14,"""It's been a while since Lisa mercilessly slaughtered that many enemies. That was really fun, you know?"""
Risa_mb25_010#0,"""Lisa heard there's been changes in administration, but Lisa doesn't care about that stuff."""
11_voice_NPC_5026_100#15,"""Lisa's way more interested in finding ways to destroy enemies, you know?"""
11_voice_NPC_5026_107#1,"""Oh? Oh my my! How strange... Shouldn't the person in front of Lisa be sleeping right now?"""
st01_020#0,"""Oh, but but but... what a beautiful way of sleeping, you know?"""
st01_030#0,"""So how was it? Cold sleep, that is. Lisa thinks it must have gone by in a split second."""
11_voice_NPC_5026_106#2,"""My my, Lisa is so very jealous! You've gotten mixed up in something quite spectacular, you know?"""
st01_020#1,"""Please let Lisa in on that! There's probably lots of things to shoot and shoot and shoot and KILL, you know?"""
11_voice_NPC_5026_100#16,"""Oh. Where would Lisa be stationed? Hehehe. Lisa probably shouldn't even bother asking, should she?"""
st01_020#2,"""What Lisa's REALLY interested in is that group that came from Earth! Lisa wants to try shooting them. Hehehe."""
11_voice_NPC_5026_100#17,"""Lisa wonders what it would feel like to shoot them, you know? Hehehehe. That's what's been on Lisa's mind."""
st01_020#3,"""Oh, don't look at Lisa like that! It's okay! Lisa only shoots when authorized."""
st01_030#1,"""But! If Lisa WAS authorized, she'd definitely want to try shooting them. It would probably feel wonderful!"""
11_voice_NPC_5026_100#18,"""Lisa's actually found explosives to be quite wonderful lately, you know?"""
st01_020#4,"""Of course, nothing tops driving bullets into skulls, but there's something quite charming about deconstructing someone on a molecular level."""
st01_030#2,"""Oh yes, Lisa's definitely wants to try it. If you find anyone who looks like they'd blow up nicely, please do give Lisa a call!"""
st01_010#0,"""Anyone who treats ARKS with hostility must be met with hostility in kind. That's what Lisa thinks!"""
st01_020#5,"""When one side thinks that they are right and everyone else is wrong, the fight's already begun. No point in holding back, you know?"""
11_voice_NPC_5026_100#19,"""That's when Lisa starts thinking about who would feel the best to shoot. Hehe. Hehehehe."""
st01_010#1,"""Lisa was on the Ship when it was attacked, but she wasn't allowed to go to where all the fighting was."""
st01_020#6,"""The enemies were right here, you know?! It was the perfect time for a fight! What a letdown."""
11_voice_NPC_5026_100#20,"""Who cares if the martial law limiters weren't released? If Lisa can't shoot her guns, then she'll just start punching! Hehehehe."""
st01_010#2,"""Hmm. Hmm! So... Phantoms are a new species that took on the form of Darkers?"""
11_voice_NPC_5026_106#3,"""While that sounds like it'd be hard to tell which is Darker and which is Phantom, it's actually quite easy."""
11_voice_NPC_5026_100#21,"""You can tell by shooting them! Each one feels different to shoot at, you know? Hehehe."""
st01_010#3,"""Evolution is quite interesting. But how exactly does evolution take place, you know?"""
st01_020#7,"""Is it based on what one wants? Or maybe what one doesn't want? That's just selfish, you know?"""
st01_030#3,"""Lisa's thinking too much. Lisa likes doing fun things instead of thinking about confusing things."""
11_voice_NPC_5026_100#22,"""What does Lisa do for fun, you ask? You should know that by now, you know? Hehe. Hehehehe."""
11_voice_NPC_5026_104#4,"""Hmmm. Hmmmm... Ah, it's you. How are things?"""
sq00_020#0,"""Oh, Lisa's just worried about something. Don't worry, it doesn't have anything to do with you."""
sq00_030#0,"""Anyways, are you all ready? Keep in mind that normal tactics won't work on these guys. Think outside the box. """
sq01_010#0,"""Nobody has to tell Lisa anything for her to know that this has become quite an odd situation."""
11_voice_NPC_5026_104#5,"""If there are no Darkers left... What will Lisa shoot then? How conflicting, you know?"""
sq02_020#0,"""You wouldn't happen to know of anything that might soon deserve to be shot, would you?"""
11_voice_NPC_5026_107#2,"""Hmm? HMMM? Oh my my my! You're on your way to go kill something, aren't you?"""
sq04_020#0,"""Lisa can tell, you know? You have a peculiar look about you."""
sq04_030#0,"""So what are you doing? Is it going to be really dangerous?"""
sq04_040#0,"""Well, it probably has nothing to do with Lisa. Hmmm. Or... perhaps it does, you know?"""
