11_voice_NPC_5026_101#0,"""Hehe. You did very well, you know? Lisa doesn't even need to see a report; she was watching you out in the field."""
text02#0,"""The best part was when all those enemies ran around fruitlessly only to get torn to shreds by a hail of bullets. Isn't Ranger just wonderful?!"""
text03#0,"""Well? Do you feel all bright and cheerful now? Did you like the sensation of completely and totally conquering something?"""
text04#0,"""That's what it means to be a Ranger. Don't forget that, okay? You should always remember how fun it is to shoot guns, you know?"""
text05#0,"""Well then, well then! Let's go terrorize and torment some more enemies again sometime soon, you know?!"""
