11_voice_NPC_5026_104#0,"""Oh my, what's this this you say?! You want to become even stronger as a Ranger?!"""
text02#0,"""This is good! This is good, you know? Okay, alright! Lisa will set something up for you."""
text03#0,"""Okay! Please go and obliterate these assigned enemies, you know?"""
text04#0,"""Lisa takes no responsibility if you die, you know? Go give it everything you've got! Except your life. Don't give that. You would die if you did that, you know?"""
text05#0,"""Okay! Bye bye! Good news or bad news, your headline or your obituary; Lisa will be looking forward to whatever report you bring her!"""
