11_voice_NPC_5026_104#0,"""Rangers and Assault Rifles go together like two peas in a pod."""
text02#0,"""Most people think of rifles as purely ranged weapons, but because you can shoot on the move, they're actually good at all ranges."""
text03#0,"""It's a little short on firepower, but that's not so bad... Heheh. You just have to aim for weak spots."""
text04#0,"""So... Will you give rifles a try? If so, you can have this one. It's one of Lisa's, and has quite a story behind it."""
text05#0,"""The best way to get up to speed with it is to get some hands-on experience. You know, learn by really tormenting hostiles!"""
