11_voice_NPC_5026_101#0,"""Hehe. You did very well, you know? Lisa doesn't even need to see a report; she was watching you out in the field."""
text02#0,"""The best part was when all those enemies ran around fruitlessly only to get torn to shreds by a hail of bullets. Isn't Ranger just wonderful?!"""
text03#0,"""That was really refreshing. It felt great! Lisa truly lives for moments like that."""
text04#0,"""Oh, don't give Lisa that look! Lisa just feels like doing this every now and then. Lisa's just that kind of girl, you know?"""
text05#0,"""Well then, well then! Let's go terrorize and torment some more enemies again sometime soon, you know?!"""
