11_voice_NPC_5026_101#0,"""Hehe. You did very well, you know? Lisa doesn't even need to see a report; she was watching you out in the field. """
text02#0,"""The best part was when all those enemies ran around fruitlessly only to get torn to shreds by a hail of bullets. Isn't Ranger just wonderful?!"""
text03#0,"""It actually is kind of fun to shoot and kill and shoot and KILL with other people, you know?"""
text04#0,"""You should bring Lisa along again sometime, you know!"""
text05#0,"""Well then, well then! Let's go terrorize and torment some more enemies again sometime soon, you know?!"""
