name01#0,"""Lisa"""
11_voice_NPC_5026_100#0,"""Well? Aren't rifles a blast? Ha ha. They may not give you the quick and easy kill, but still."""
text02#0,"""You should try and discover the true joy of rifles for yourself. It's a totally different experience from a Hunter or Force."""
text03#0,"""Long-range battles and concentrated fire on weak points are a Ranger's trademarks. Figure out the rest for yourself, okay?"""
text04#0,"""Oh, were you still busy tormenting hostiles? Sorry if Lisa got in the way."""
text05#0,"""Well, that's about it. Lisa hopes you'll come back with a long list of kills! Okay then! Off you go!"""
