text01#0,"""In the atmospherically unstable Sanctum, strong thunderclouds appear called cumulus thunderclouds."""
text02#0,"""When encountering these clouds, they will cover and darken the sky as far as the eye can see, sounding thunder."""
text03#0,"""Plus, huge bolts of lightning will sometimes flash, bringing about lightning strikes..."""
11_voice_NPC_5055_104#0,"""If I could know the features of the clouds near the lightning strikes, then we may be able to avoid that risk."""
text05#0,"""I'm sorry for all of the dangerous investigations. Please get me the data!"""
