Q0#0,"""...What is it?"""
HELLO#0,"""...What is it?"""
HELLO_FAV4#0,"""...So we meet again."""
HELLO_FAV3#0,"""...Hello."""
HELLO_FAV2#0,"""...What is it?"""
HELLO_FAV1#0,"""...Need something?"""
HELLO_FAV0#0,"""..."""
GOODBYE#0,"""...Bye."""
GOODBYE_FAV4#0,"""...See you another time."""
GOODBYE_FAV3#0,"""...Bye then."""
GOODBYE_FAV2#0,"""...Bye."""
GOODBYE_FAV1#0,"""...Bye."""
GOODBYE_FAV0#0,"""..."""
00_01#0,"""Option 1"""
00_02#0,"""Option 2"""
TALK_ST#0,"""Talk"""
C_ORDER_ST#0,"""Listen to details"""
