name01#0,"""Bethor"""
name02#0,"""Hitsugi"""
skit01#0,"""Hahahaha! This is the best, ZE! You two are better actors than I could have imagined! This is going to be a gream film!"""
skit02#0,"""/ci1 1 You're kidding, right?! A T-Rex and more... Keep this stuff in the books and movies!"""
skit01#1,"""Hahahaha! This is the best, ZE! You two are better actors than I could have imagined! This is going to be a gream film!"""
skit02#1,"""You're kidding, right?! A T-Rex and more... Keep this stuff in the books and movies!"""
