name01#0,"""Afin"""
name02#0,"""Melphonsina"""
skit01#0,"""/toge /ci3 4 ユク姉！<br>くそっ、なんで逃げるんだよ！<br>こっちをちゃんと見ろよ、ユク姉！"""
skit02#0,"""/ci1 5 落ち着いてください。<br>叫んでも、何も変わりません。<br>まずは目の前の敵の対処を。"""
skit03#0,"""/ci1 5 貴方は、あの人と話すことが出来ている<br>……だから、大丈夫です。"""
skit04#0,"""/ci4 1 シーナさん……<br>……すみません。わかりました。"""
skit01#1,"""ユク姉！<br>くそっ、なんで逃げるんだよ！<br>こっちをちゃんと見ろよ、ユク姉！"""
skit02#1,"""落ち着いてください。<br>叫んでも、何も変わりません。<br>まずは目の前の敵の対処を。"""
skit03#1,"""貴方は、あの人と話すことが出来ている<br>……だから、大丈夫です。"""
skit04#1,"""シーナさん……<br>……すみません。わかりました。"""
