name01#0,"""Afin"""
name02#0,"""Melphonsina"""
skit01#0,"""/ci1 4 でかいヤツが出てきたな……<br>あんなのに構ってる時間は<br>ないってのに……！"""
skit02#0,"""/ci1 1 フォトン粒子砲が設置されたようです。<br>あれを使えば容易に倒せるでしょう。"""
skit01#1,"""でかいヤツが出てきたな……<br>あんなのに構ってる時間は<br>ないってのに……！"""
skit02#1,"""フォトン粒子砲が設置されたようです。<br>あれを使えば容易に倒せるでしょう。"""
