name01#0,"""Claris Claes"""
skit01#0,"""/ci1 1 腕にごっついのついとるヤツ。<br>あいつの攻撃も厄介やで。"""
skit02#0,"""/ci1 1 地面をドーンと叩いて<br>当たれば吹き飛ぶ衝撃波を<br>出してくるねん。"""
skit03#0,"""/ci1 1 回転したり、飛び上がったり<br>そういう動きしたときは<br>要注意やで！"""
skit01#1,"""腕にごっついのついとるヤツ。<br>あいつの攻撃も厄介やで。"""
skit02#1,"""地面をドーンと叩いて<br>当たれば吹き飛ぶ衝撃波を<br>出してくるねん。"""
skit03#1,"""回転したり、飛び上がったり<br>そういう動きしたときは<br>要注意やで！"""
