name01#0,"""Claris Claes"""
skit01#0,"""/ci1 1 まだ私は何も言っていないというのに<br>逃げるなんて、ばかなやつだ……"""
skit02#0,"""/ci1 1 そんなふうに逃げていても仕方がない。<br>……そうだろ、ヒューイ。"""
skit03#0,"""/ci1 1 ほら、急ぐぞ貴様！<br>さっさとあのばかを追うのだ！"""
skit01#1,"""まだ私は何も言っていないというのに<br>逃げるなんて、ばかなやつだ……"""
skit02#1,"""そんなふうに逃げていても仕方がない。<br>……そうだろ、ヒューイ。"""
skit03#1,"""ほら、急ぐぞ貴様！<br>さっさとあのばかを追うのだ！"""
