name01#0,"""Cabracan"""
name02#0,"""Claris Claes"""
skit01#0,"""/ci1 1 ちっ、見失った！<br>あのねーちゃんはどこまで行ったんや！"""
skit02#0,"""/ci1 1 ……この、先だ。<br>この先に、サラはいると思う。"""
skit03#0,"""/ci1 1 なんでかはわからない……いや<br>サラのことを感じる理由も<br>私はもう、なんとなくわかってる。"""
skit04#0,"""/ci1 1 でも、今はそんなのどーでもいい。<br>それよりも、追いつくことが先だ。<br>……行くぞ！"""
skit01#1,"""ちっ、見失った！<br>あのねーちゃんはどこまで行ったんや！"""
skit02#1,"""……この、先だ。<br>この先に、サラはいると思う。"""
skit03#1,"""なんでかはわからない……いや<br>サラのことを感じる理由も<br>私はもう、なんとなくわかってる。"""
skit04#1,"""でも、今はそんなのどーでもいい。<br>それよりも、追いつくことが先だ。<br>……行くぞ！"""
