name01#0,"""Tama-hime"""
skit01#0,"""先に進むには、唱壁が邪魔か。<br>灯籠を探すとよい。<br>この近くにあるはずじゃ。"""
skit02#0,"""灯籠を攻撃し、浄化すれば<br>瘴気も消えるし、唱壁も消える。<br>一石二鳥というやつじゃな。"""
skit01#1,"""先に進むには、唱壁が邪魔か。<br>灯籠を探すとよい。<br>この近くにあるはずじゃ。"""
skit02#1,"""灯籠を攻撃し、浄化すれば<br>瘴気も消えるし、唱壁も消える。<br>一石二鳥というやつじゃな。"""
