linewindow#0,"""The Subpalette"""
text00#0,"""The Subpalette"""
text01#0,"""Let's learn about the Subpalette"""
text02#0,"""You can add a combination of items, skills, and techniques to the subpalette so they're always ready to use. Move cursor left: <%SubPaletteLeft> Move cursor right: <%SubPaletteRight>"""
text03#0,"""Use <%SubPalette> to select the palette to use the item or ability at the current cursor position. You can also switch between different Subpalettes. Use <%PaletteReverse> or <%PaletteForce> to display the weapon palette, then press <%SubPaletteLeft> or <%SubPaletteRight> to switch the subpalette currently in use."""
text04#0,"""You can switch between and add multiple subpalette books. You can also add the same icon multiple times, and move or delete icons."""
text101#0,"""Okay, now I'm all ready to go! This technology is pretty cool."""
text102#0,"""You can fight pretty efficiently by switching your weapons based on the opponent or battlefield."""
11_voice_NPC_5003_100#0,"""Anyhow, I'm done practicing for now. Thanks, partner. I appreciate you keeping me company."""
