text01#0,"""You were awesome back there! The Volcanic Caves sure have their share of Darkers, too. That was crazy!"""
text02#0,"""The Dragonkin claim they can defeat the Darkers on their own, but I wonder if that's true."""
11_voice_NPC_5003_104#0,"""I don't know how to put it exactly.<br>It's like, the Dragonkin are defeating them, but they're not really going away."""
text04#0,"""But I guess there's no point in worrying about that. I mean, we're just doing the best we can."""
text05#0,"""Well, see ya, partner. I hope you'll be around the next time I need you!"""
