text01#0,"""You were awesome back there! That Tunnels place is totally messed up, though. I thought we were history for sure."""
text02#0,"""I never expected to see a Mech that huge!"""
11_voice_NPC_5003_104#0,"""But I don't think that's why I was feeling weirded out. It's like I have a feeling that something's gonna happen, but I have no idea what."""
text04#0,"""But I guess we got back in one<br>piece, so all's well that ends well, right?"""
text05#0,"""Well, see ya, partner. I hope you'll be around the next time I need you!"""
